NOM_TABLA,NOM_CAMP,TIPO,TAMAÃ‘O,CLAVE,FOR_TABLA,ORDINAL_POSITION
banjercito,id,INT,,principal,,1.0
banjercito,clave_entidad_federativa,CHAR,2,Foranea,c_entidad_federativa,2.0
banjercito,clave_municipio,CHAR,3,Foranea,,3.0
banjercito,id_linea_credito,INT,,Foranea,c_linea_credito_banjercito,4.0
banjercito,producto,ENUM,,Interna,,5.0
banjercito,acciones,INT,,Interna,,6.0
banjercito,monto,FLOAT,"10,2",Interna,,7.0
banjercito,genero,ENUM,,Interna,,8.0
banjercito,edad,TINYINT,,Interna,,9.0
banjercito,Ingreso_VSMMDF,FLOAT,"12,6",Interna,,
banjercito,valor_vivienda_vsmmdf,FLOAT,"12,6",Interna,,11.0
banjercito,tipo_vivienda,ENUM,,Interna,,12.0
banjercito,anio,YEAR,4,Interna,,13.0
banjercito,mes,INT,,Interna,,14.0
c_avance_de_obra,id,INT,,principal,,
c_avance_de_obra,descripcion,VARCHAR,15,interna,,
c_clima,id,INT,,Principal,,1.0
c_clima,descripcion,VARCHAR,20,Interna,,2.0
c_derechohabiente_presidencia,id,SMALLINT,,Principal,,1.0
c_derechohabiente_presidencia,descripcion,VARCHAR,35,interna,,2.0
c_derechohabiente_presidencia,id_destino,SMALLINT,,interna,,3.0
c_destino_credito,id,INT,,principal,,1.0
c_destino_credito,descripcion,VARCHAR,40,interna,,2.0
c_ee,id,INT,,Principal,,1.0
c_ee,descripcion,VARCHAR,120,Principal,,2.0
c_entidad_cofinanciamiento,id,VARCHAR,10,principal,,
c_entidad_cofinanciamiento,descripcion,VARCHAR,30,interna,,2.0
c_entidad_federativa,clave,CHAR,2,principal,,1.0
c_entidad_federativa,descripcion,VARCHAR,40,interna,,2.0
c_entidad_federativa,abreviacion,VARCHAR,10,interna,,3.0
c_entidad_federativa,id_region,INT,,Interna,,4.0
c_esquema_cnbv,id,INT,,principal,,1.0
c_esquema_cnbv,descripcion,VARCHAR,30,interna,,2.0
c_esquema_conavi,id,INT,,Principal,,1.0
c_esquema_conavi,descripcion,VARCHAR,40,Interna,,2.0
c_esquema_fovissste,id,INT,,Principal,,1.0
c_esquema_fovissste,descripcion,VARCHAR,40,Interna,,2.0
c_esquema_infonavit,id,INT,,Principal,,1.0
c_esquema_infonavit,descripcion,VARCHAR,35,Interna,,2.0
c_estado_civil,clave,CHAR,1,principal,,1.0
c_estado_civil,descripcion,VARCHAR,15,interna,,2.0
c_estatus_programas_conavi,id,SMALLINT,,principal,,1.0
c_estatus_programas_conavi,descripcion,VARCHAR,25,interna,,2.0
c_estatus_vivienda,id,INT,,Interna,,1.0
c_genero,id,INT,,Principal,,1.0
c_genero,descripcion,VARCHAR,15,interna,,2.0
c_genero,alias,VARCHAR,15,interna,,3.0
c_grupo_organismo,id,INT,,Principal,,1.0
c_grupo_organismo,descripcion,VARCHAR,25,interna,,2.0
c_grupo_sisevive,id,INT,,Principal,,1.0
c_grupo_sisevive,descripcion,VARCHAR,60,Interna,,2.0
c_intermediario_financiero_cnbv,id,CHAR,6,principal,,
c_intermediario_financiero_cnbv,descripcion,VARCHAR,25,interna,,2.0
c_intermediario_financiero_fovissste,id,INT,,Principal,,1.0
c_intermediario_financiero_fovissste,descripcion,VARCHAR,70,Interna,,2.0
c_intermediario_financiero_habitat,id,INT,,principal,,1.0
c_intermediario_financiero_habitat,descripcion,VARCHAR,100,interna,,2.0
c_intermediario_financiero_infonavit,id,INT,,Principal,,1.0
c_intermediario_financiero_infonavit,descripcion,VARCHAR,50,Interna,,2.0
c_linea_apoyo_presidencia,id,INT,,principal,,1.0
c_linea_apoyo_presidencia,descripcion,VARCHAR,90,interna,,2.0
c_linea_apoyo_presidencia,id_subprograma,INT,,foranea,c_subprograma,3.0
c_linea_apoyo_presidencia,id_tipo_credito,INT,,foranea,c_tipo_credito,4.0
c_linea_apoyo_presidencia,etiqueta,VARCHAR,45,interna,,5.0
c_linea_credito_banjercito,id_subprograma,INT,,foranea,,
c_linea_credito_banjercito,id_tipo_credito,INT,,foranea,c_tipo_credito,2.0
c_linea_credito_cnbv,id,INT,,principal,,1.0
c_linea_credito_cnbv,descripcion,VARCHAR,100,interna,,2.0
c_linea_credito_cnbv,id_subprograma,INT,,foranea,c_subprograma,3.0
c_linea_credito_cnbv,it_tipo_credito,INT,,foranea,,
c_linea_credito_fovissste,id,INT,,Principal,,1.0
c_linea_credito_fovissste,descripcion,VARCHAR,20,Interna,,2.0
c_linea_credito_fovissste2,id,INT,,Principal,,1.0
c_linea_credito_fovissste2,descripcion,VARCHAR,40,Interna,,2.0
c_linea_credito_fovissste2,id_subprograma,INT,,foranea,c_subprograma,3.0
c_linea_credito_infonavit_bak,id,INT,,Principal,,1.0
c_linea_credito_infonavit_bak,id_subprograma,INT,,Foranea,c_subprograma,2.0
c_linea_credito_shf,id,INT,,principal,,1.0
c_linea_credito_shf,id_producto_presentar_ef_shf,INT,,foranea,c_producto_presentar_ef_shf,2.0
c_linea_credito_shf,id_tipo_vivienda,INT,,foranea,c_tipo_vivienda_fonhapo,3.0
c_linea_credito_shf,id_subprograma,INT,,foranea,c_subprograma,4.0
c_linea_credito_shf,id_tipo_credito,INT,,foranea,c_tipo_credito,5.0
c_linea_infonavit,id,INT,,Principal,,1.0
c_linea_infonavit,descripcion,VARCHAR,35,Interna,,2.0
c_linea_subsidio_conavi,id,INT,,principal,,1.0
c_linea_subsidio_conavi,descripcion,VARCHAR,50,Interna,,2.0
c_linea_subsidio_conavi,id_subprograma,INT,,foranea,c_subprograma,3.0
c_localidad,clave_entidad_federativa,CHAR,2,foranea,,1.0
c_localidad,clave_municipio,CHAR,3,foranea,,2.0
c_localidad,clave,CHAR,4,principal,,3.0
c_localidad,descripcion,VARCHAR,100,interna,,4.0
c_localidad,ambito,ENUM,,interna,,5.0
c_localidad,status,BIT,1,interna,,6.0
c_mes,id,INT,,principal,,1.0
c_mes,descripcion,VARCHAR,10,Interna,,2.0
c_mes,abreviatura,CHAR,3,Interna,,3.0
c_modalidad,id,INT,,principal,,1.0
c_modalidad,descripcion,VARCHAR,35,interna,,2.0
c_modalidad_fovissste,id,INT,,Principal,,1.0
c_modalidad_fovissste,descripcion,VARCHAR,20,Interna,,2.0
c_modalidad_issste,id,INT,,principal,,1.0
c_modalidad_issste,descripcion,VARCHAR,100,interna,,2.0
c_modalidad_presidencia,id,INT,,principal,,1.0
c_modalidad_presidencia,descripcion,VARCHAR,60,interna,,2.0
c_modalidad_presidencia,nombre,VARCHAR,60,interna,,3.0
c_modalidad_semanal,id,INT,,principal,,1.0
c_modalidad_semanal,id_tipo_modalidad,INT,,Foranea,c_tipo_modalidad,2.0
c_modalidad_semanal,descripcion,VARCHAR,20,Interna,,3.0
c_modalidad_sniiv,id,INT,,Principal,,1.0
c_modalidad_sniiv,descripcion,VARCHAR,20,Interna,,2.0
c_municipio,clave,CHAR,3,principal,,1.0
c_municipio,clave_entidad_federativa,CHAR,2,foranea,c_entidad_federativa,2.0
c_municipio,descripcion,VARCHAR,80,interna,,3.0
c_municipio,ambito,ENUM,,interna,,4.0
c_municipio,poblacion_indigena,ENUM,,interna,,5.0
c_municipio,municipio_fronterizo,BIT,1,interna,,6.0
c_municipio_imss,clave,CHAR,3,principal,,1.0
c_municipio_imss,descripcion,VARCHAR,80,interna,,2.0
c_municipio_imss,id_delegacion,INT,,principal,,3.0
c_municipio_imss,clave_entidad_federativa,CHAR,2,foranea,,4.0
c_municipio_imss,clave_municipio,CHAR,3,foranea,,5.0
c_nombramiento,id,INT,,principal,,1.0
c_nombramiento,descripcion,VARCHAR,30,interna,,2.0
c_oeo,id,INT,,principal,,1.0
c_oeo,descripcion,VARCHAR,100,Interna,,2.0
c_organismo,clave,CHAR,5,Principal,,1.0
c_organismo,id_grupo_organismo,INT,,foranea,c_grupo_organismo,2.0
c_organismo,siglas,VARCHAR,40,interna,,3.0
c_organismo,descripcion,VARCHAR,120,interna,,4.0
c_pcu,id,INT,,principal,,1.0
c_pcu,descripcion,CHAR,2,Interna,,2.0
c_periodo_cnbv,anio,SMALLINT,,Interna,,1.0
c_periodo_cnbv,mes,TINYINT,,Interna,,2.0
c_periodo_cnbv,actual,BIT,,Interna,,3.0
c_periodo_conavi_semanal,fecha,FECHA,,Principal,,1.0
c_periodo_conavi_semanal,actual,BIT,1,Interna,,2.0
c_periodo_demanda_potencial,anio,YEAR,4,Principal,,1.0
c_periodo_demanda_potencial,mes,TINYINT,,Principal,,2.0
c_periodo_demanda_potencial,actual,BIT,1,Interna,,3.0
c_periodo_financiamientos,anio,SMALLINT,,Principal,,1.0
c_periodo_financiamientos,mes,TINYINT,,Principal,,2.0
c_periodo_financiamientos,actual,BIT,1,Interna,,3.0
c_periodo_fovissste,anio,YEAR,4,Principal,,1.0
c_periodo_fovissste,mes,TINYINT,,Principal,,2.0
c_periodo_fovissste,actual,BIT,1,Foranea,,3.0
c_periodo_imss,anio,SMALLINT,,principal,,1.0
c_periodo_imss,mes,TINYINT,,interna,,2.0
c_periodo_imss,actual,BIT,1,interna,,3.0
c_periodo_infonavit,anio,SMALLINT,,Principal,,1.0
c_periodo_infonavit,mes,TINYINT,,Principal,,2.0
c_periodo_infonavit,actual,BIT,1,Interna,,3.0
c_periodo_inventario,anio,YEAR,4,Principal,,1.0
c_periodo_inventario,mes,TINYINT,,Principal,,2.0
c_periodo_inventario,actual,BIT,1,Interna,,3.0
c_periodo_issste,anio,SMALLINT,,principal,,1.0
c_periodo_issste,mes,TINYINT,,principal,,2.0
c_periodo_issste,actual,BIT,1,interna,,3.0
c_periodo_presidencia,anio,SMALLINT,,principal,,1.0
c_periodo_presidencia,mes,TINYINT,,principal,,2.0
c_periodo_presidencia,actual,BIT,1,interna,,3.0
c_periodo_registro_vivienda,anio,YEAR,4,principal,,1.0
c_periodo_registro_vivienda,mes,TINYINT,,principal,,2.0
c_periodo_registro_vivienda,actual,BIT,1,interna,,3.0
c_periodo_renaret,anio,YEAR,4,Principal,,1.0
c_periodo_renaret,mes,TINYINT,,Principal,,2.0
c_periodo_renaret,actual,BIT,1,Interna,,3.0
c_periodo_semanal,fecha,FECHA,,principal,,1.0
c_periodo_semanal,actual,BIT,1,Interna,,2.0
c_periodo_sisevive,fecha,FECHA,10,Principal,,1.0
c_periodo_sisevive,actual,BIT,1,Interna,,2.0
c_producto_hipotecario,id,VARCHAR,10,principal,,
c_producto_hipotecario,descripcion,VARCHAR,150,interna,,2.0
c_producto_parametrizar_t24,id,INT,,principal,,
c_producto_parametrizar_t24,descripcion,VARCHAR,50,interna,,
c_producto_presentar_ef_shf,id,INT,,principal,,1.0
c_producto_presentar_ef_shf,id_producto_parametrizar_t24,INT,,foranea,c_producto_parametrizar_t24_shf,2.0
c_producto_presentar_ef_shf,descripcion,VARCHAR,50,interna,,3.0
c_programa,id,INT,,principal,,1.0
c_programa,id_modalidad,INT,,Foranea,c_modalidad,2.0
c_programa,descripcion,VARCHAR,25,interna,,3.0
c_programa_presupuestal,id,SMALLINT,,principal,,1.0
c_programa_presupuestal,descripcion,VARCHAR,60,interna,,2.0
c_programa_presupuestal,nombre,VARCHAR,60,interna,,
c_programa_sisevive,id,INT,,Principal,,1.0
c_programa_sisevive,descripcion,VARCHAR,60,Interna,,2.0
c_programa_sisevive,abreviacion,VARCHAR,30,Interna,,3.0
c_ramo,id,INT,,principal,,1.0
c_ramo,descripcion,VARCHAR,100,interna,,2.0
c_rango_edad,id,INT,,principal,,1.0
c_rango_edad,edad_inicio,TINYINT,,interna,,2.0
c_rango_edad,edad_fin,TINYINT,,interna,,3.0
c_rango_edad,descripcion,VARCHAR,15,interna,,4.0
c_rango_edad_imss,clave,CHAR,3,principal,,1.0
c_rango_edad_imss,edad_inicio,TINYINT,,interna,,2.0
c_rango_edad_imss,edad_fin,TINYINT,,interna,,3.0
c_rango_edad_imss,descripcion,VARCHAR,50,interna,,4.0
c_rango_edad_imss,id_rango_edad_conavi,INT,,interna,,5.0
c_rango_edad_imss,abreviacion,VARCHAR,20,interna,,6.0
c_rango_salarial,id,INT,,principal,,1.0
c_rango_salarial,rango_inicio,DECIMAL,"8,2",interna,,2.0
c_rango_salarial,rango,DECIMAL,"8,2",interna,,3.0
c_rango_salarial,descripcion,VARCHAR,15,interna,,4.0
c_rango_salarial_imss,clave,CHAR,3,principal,,1.0
c_rango_salarial_imss,descripcion,VARCHAR,25,Interna,,2.0
c_rango_salarial_imss,id_rango_salarial_conavi,SMALLINT,,Interna,,3.0
c_rango_uma_imss,clave,CHAR,3,principal,,1.0
c_rango_uma_imss,descripcion,VARCHAR,40,interna,,2.0
c_rango_uma_imss,abreviacion,VARCHAR,25,interna,,3.0
c_recamara,id,INT,,principal,,1.0
c_recamara,descripcion,VARCHAR,20,interna,,2.0
c_region,id,INT,,principal,,1.0
c_region,descripcion,VARCHAR,20,Interna,,2.0
c_region_hidrica,id,INT,,Interna,,1.0
c_salario_minimo,Id,INT,,Interna,,
c_salario_minimo,anio,SMALLINT,,Foranea,,2.0
c_salario_minimo,periodo,VARCHAR,50,Interna,,3.0
c_salario_minimo,A,FLOAT,,Interna,,4.0
c_salario_minimo,B,FLOAT,,Interna,,5.0
c_salario_minimo,C,FLOAT,,Interna,,6.0
c_salario_minimo,UMA,FLOAT,,Interna,,7.0
c_sector,id,INT,,principal,,1.0
c_sector,descripcion,VARCHAR,50,interna,,2.0
c_sector_economico_1,id,INT,,principal,,1.0
c_sector_economico_1,descripcion,VARCHAR,70,interna,,2.0
c_sector_economico_1,etiqueta,VARCHAR,60,interna,,3.0
c_sector_economico_2,id,CHAR,4,principal,,1.0
c_sector_economico_2,id_sector_economico_1,INT,,foranea,c_sector_economico_1,2.0
c_sector_economico_2,descripcion,VARCHAR,275,interna,,3.0
c_sector_economico_4,clave,CHAR,4,principal,,1.0
c_sector_economico_4,id_sector_economico_2,INT,,foranea,c_sector_economico_2,2.0
c_sector_economico_4,descripcion,VARCHAR,275,interna,,3.0
c_sector_laboral,id,INT,,principal,,1.0
c_sector_laboral,descripcion,VARCHAR,30,interna,,2.0
c_segmento_demanda_potencial,id,INT,,Principal,,1.0
c_segmento_demanda_potencial,nombre,VARCHAR,100,Interna,,2.0
c_segmento_demanda_potencial,orden,TINYINT,,Interna,,3.0
c_subprograma,id_programa,INT,,foranea,c_programa,1.0
c_subprograma,id,INT,,principal,,2.0
c_subprograma,descripcion,VARCHAR,35,interna,,3.0
c_subprograma,id_destino_credito,INT,,foranea,c_destino_credito,4.0
c_subprograma,id_subprograma_sniiv,INT,,foranea,c_subprograma_sniiv,5.0
c_subprograma_sniiv,id,INT,,principal,,1.0
c_subprograma_sniiv,descripcion,VARCHAR,40,interna,,2.0
c_superficie,id,INT,,principal,,1.0
c_superficie,descripcion,VARCHAR,15,interna,,2.0
c_tipo_credito,id,INT,,principal,,1.0
c_tipo_credito,id_modalidad,INT,,Foranea,,
c_tipo_credito,descripcion,VARCHAR,35,interna,,3.0
c_tipo_credito,descripcion_inicial,VARCHAR,55,interna,,4.0
c_tipo_credito_infonavit,clave,CHAR,1,Principal,,1.0
c_tipo_credito_infonavit,descripcion,VARCHAR,20,Interna,,2.0
c_tipo_ee,id,INT,,principal,,1.0
c_tipo_ee,id_tipo_ee_sniiv,INT,,foranea,c_tipo_ee_sniiv,2.0
c_tipo_ee,descripcion,VARCHAR,40,interna,,3.0
c_tipo_ee_sniiv,id,INT,,Principal,,1.0
c_tipo_ee_sniiv,descripcion,VARCHAR,40,Interna,,2.0
c_tipo_ee_sniiv,leyenda,VARCHAR,20,Interna,,3.0
c_tipo_ingreso_shf,id,INT,,principal,,1.0
c_tipo_ingreso_shf,descripcion,VARCHAR,15,interna,,2.0
c_tipo_institucion_shf,id,INT,,principal,,1.0
c_tipo_institucion_shf,descripcion,VARCHAR,85,interna,,2.0
c_tipo_modalidad,id,INT,,principal,,1.0
c_tipo_modalidad,descripcion,VARCHAR,20,Interna,,2.0
c_tipo_vivienda,id,INT,,principal,,1.0
c_tipo_vivienda,descripcion,VARCHAR,15,Interna,,2.0
c_tipologia_ruv,id,INT,,Principal,,1.0
c_tipologia_ruv,descripcion,VARCHAR,25,Interna,,2.0
c_tipologia_sisevive,id,INT,,Principal,,1.0
c_tipologia_sisevive,descripcion,VARCHAR,15,Interna,,2.0
c_valor_vivienda,id,INT,,principal,,1.0
c_valor_vivienda,rango,SMALLINT,,interna,,2.0
c_valor_vivienda,descripcion,VARCHAR,20,interna,,3.0
c_valor_vivienda_uma,id,INT,,Principal,,1.0
c_valor_vivienda_uma,descripcion,VARCHAR,30,Interna,,2.0
c_vivienda_sustentable,id,INT,,Principal,,1.0
c_vivienda_sustentable,descripcion,VARCHAR,15,interna,,2.0
carga_renaret,id,INT,,Principal,,1.0
carga_renaret,duis,TINYINT,,Interna,,2.0
carga_renaret,cve_ruv,VARCHAR,15,Interna,,3.0
carga_renaret,municipio,VARCHAR,60,Interna,,4.0
carga_renaret,estado,VARCHAR,50,Interna,,5.0
carga_renaret,cd_sun,FLOAT,60,Interna,,6.0
carga_renaret,sup_ha,VARCHAR,"10,4",Interna,,7.0
carga_renaret,grado_desar_declarado,CHAR,3,Interna,,8.0
carga_renaret,grado_desar_verificado,VARCHAR,150,Interna,,9.0
carga_renaret,calif,CHAR,2,Interna,,10.0
carga_renaret,calif_pcu,CHAR,4,Interna,,11.0
carga_renaret,calif_mesa,VARCHAR,200,Interna,,12.0
carga_renaret,empl_total,MEDIUMINT,,Interna,,13.0
carga_renaret,empl_no_urb,MEDIUMINT,,Interna,,14.0
carga_renaret,empl_urb,MEDIUMINT,,Interna,,15.0
carga_renaret,viv_total,MEDIUMINT,,Interna,,16.0
carga_renaret,viv_ur,MEDIUMINT,,Interna,,17.0
carga_renaret,viv_no_urb,MEDIUMINT,,Interna,,18.0
carga_renaret,r_desliz,VARCHAR,8,Interna,,19.0
carga_renaret,r_inunda,VARCHAR,8,Interna,,20.0
carga_renaret,r_sismo,VARCHAR,8,Interna,,21.0
carga_renaret,atlas_riesg,VARCHAR,70,Interna,,22.0
carga_renaret,pcu_rt,CHAR,2,Interna,,23.0
carga_renaret,fc,CHAR,1,Interna,,24.0
carga_renaret,cve_edo_mun,CHAR,5,Interna,,25.0
carga_renaret,cve_edo,CHAR,2,Interna,c_entidad_federativa,26.0
carga_renaret,cve_mun,CHAR,3,Interna,,27.0
carga_renaret,anio,SMALLINT,,Principal,,28.0
carga_renaret,mes,TINYINT,,Principal,,29.0
cnbv,id,INT,,Principal,,1.0
cnbv,clave_entidad_federativa,CHAR,2,Foranea,c_entidad_federativa,2.0
cnbv,clave_municipio,CHAR,3,Foranea,,3.0
cnbv,clave_intermediarios_financiero,CHAR,6,Foranea,,
cnbv,id_linea_credito,INT,,Foranea,c_linea_credito_cnbv,5.0
cnbv,responsabilidad_total,INT,,Interna,,6.0
cnbv,id_moneda,INT,,Foranea,c_moneda,7.0
cnbv,Ingreso_VSMMDF,INT,,Interna,,
cnbv,valor_vivienda,INT,,Interna,,9.0
cnbv,tipo_comprobacion,ENUM,,Interna,,10.0
cnbv,id_sector_laboral,INT,,Foranea,c_sector_laboral,11.0
cnbv,genero,ENUM,,Interna,,12.0
cnbv,edad,TINYINT,,Interna,,13.0
cnbv,clave_entidad_cofinanciamiento,VARCHAR,10,Foranea,c_entidad_cofinanciamiento,14.0
cnbv,clave_producto_hipotecario,VARCHAR,10,Foranea,c_producto_hipotecario,15.0
cnbv,acciones,INT,,Interna,,16.0
cnbv,monto,INT,,Interna,,17.0
cnbv,anio,YEAR,4,Principal,,18.0
cnbv,mes,INT,,Principal,,19.0
cnbv,cve_marginal,BIT,,Interna,,20.0
cnbv_coofinanciamiento,cve_institucion,CHAR,6,Interna,,1.0
cnbv_coofinanciamiento,cve_periodo,CHAR,6,Interna,,2.0
cnbv_coofinanciamiento,numero_de_creditos,SMALLINT,,Interna,,
cnbv_coofinanciamiento,Responsabilidad_total,INT,,Interna,,4.0
cnbv_coofinanciamiento,cve_marginal,CHAR,2,Interna,,5.0
cnbv_coofinanciamiento,cve_destino_credito,SMALLINT,,Interna,,6.0
cnbv_coofinanciamiento,cve_moneda,CHAR,3,Interna,,7.0
cnbv_coofinanciamiento,monto_original_del_credito,INT,,Interna,,
cnbv_coofinanciamiento,originacion_valor_vivienda,INT,,Interna,,
cnbv_coofinanciamiento,Ingreso_men_bruto_acred,INT,,Interna,,10.0
cnbv_coofinanciamiento,cve_tipo_comp_ingresos,CHAR,2,Interna,,11.0
cnbv_coofinanciamiento,cve_sec_lab_acred,CHAR,2,Interna,,12.0
cnbv_coofinanciamiento,cve_estado,CHAR,2,Interna,,13.0
cnbv_coofinanciamiento,cve_municipio,CHAR,3,Interna,,14.0
cnbv_coofinanciamiento,cve_genero,CHAR,2,Interna,,15.0
cnbv_coofinanciamiento,edad,CHAR,3,Interna,,16.0
cnbv_coofinanciamiento,cve_producto_hipotecario,VARCHAR,10,Interna,,17.0
cnbv_coofinanciamiento,cve_entidad_confinanciamiento,VARCHAR,10,Interna,,
conavi_06100_fte_his,Fecha_operacion,FECHA,,Interna,,1.0
conavi_06100_fte_his,genero,VARCHAR,15,Interna,,
conavi_06100_fte_his,Edad,CHAR,3,Interna,,3.0
conavi_06100_fte_his,monto_subsidio_federal,FLOAT,"20,2",Interna,,
conavi_06100_fte_his,valor_solucion_habitacional,FLOAT,"20,2",Interna,,
conavi_06100_fte_his,ingresos_VSMGV,FLOAT,"20,3",Interna,,
conavi_06100_fte_his,ingresos_en_pesos,FLOAT,"20,3",Interna,,
conavi_06100_fte_his,modalidad,VARCHAR,60,Interna,,
conavi_06100_fte_his,linea_apoyo,VARCHAR,90,Interna,,
conavi_06100_fte_his,clave_entidad_federativa,CHAR,2,Interna,,
conavi_06100_fte_his,clave_municipio,CHAR,3,interna,,
conavi_06100_fte_his,clave_localidad,CHAR,4,interna,,
conavi_06100_fte_his,clave_ejecutora,CHAR,3,Interna,,
conavi_06100_fte_his,entidad_ejecutora,VARCHAR,120,Interna,,
conavi_06100_fte_his,tipo_de_vivienda,VARCHAR,15,Interna,,
conavi_06100_fte_his,desarrollador,VARCHAR,100,Interna,,
conavi_06100_fte_his,cuv,VARCHAR,40,Interna,,
conavi_06100_fte_his,subpro,VARCHAR,60,Interna,,
conavi_06100_fte_his,acciones,INT,,Interna,,
conavi_06100_fte_his,organo_ejecutor_de_obra,VARCHAR,120,Interna,,
conavi_06100_fte_his,puntaje,SMALLINT,,Interna,,
conavi_06100_fte_his,ubicacion,ENUM,,Interna,,
conavi_06100_fte_his,Esquemas,VARCHAR,50,Interna,,23.0
conavi_06100_fte_his,nama,ENUM,,Interna,,24.0
conavi_06100_fte_his,Folio,INT,,Interna,,25.0
conavi_06100_fte_his,curp,VARCHAR,19,Interna,,26.0
conavi_06100_fte_his,anio,YEAR,,Interna,,27.0
conavi_06100_fte_his,mes,TINYINT,,Interna,,28.0
conavi_06100_fte_his,PERIODO_REP,CHAR,6,Principal,,29.0
conavi_06100_fte_his,tipo_municipio,VARCHAR,25,Interna,,30.0
conavi_06100_fte_his,municipio_indigena,VARCHAR,25,Interna,,31.0
conavi_06100_fte_his,id_programa_presupuestal,INT,,Interna,,32.0
conavi_06100_fte_his,id,INT,,Interna,,33.0
conavi_semanal,folio,INT,,Principal,,1.0
conavi_semanal,fech_operacion,FECHA,,Interna,,
conavi_semanal,id_genero,INT,,Foranea,c_genero,3.0
conavi_semanal,edad,TINYINT,,Interna,,4.0
conavi_semanal,monto_subsidio_federal,FLOAT,"14,2",Interna,,5.0
conavi_semanal,valor_solucion_habitacional,FLOAT,"10,2",Interna,,6.0
conavi_semanal,ingreso_pesos,FLOAT,"10,3",Interna,,7.0
conavi_semanal,id_modalidad,INT,,Foranea,c_linea_subsidio_conavi,8.0
conavi_semanal,clave_entidad_federativa,CHAR,2,Foranea,c_entidad_federativa,9.0
conavi_semanal,clave_municipio,CHAR,3,Foranea,,10.0
conavi_semanal,clave_localidad,CHAR,4,Interna,,11.0
conavi_semanal,id_ee,INT,,Foranea,c_ee,12.0
conavi_semanal,id_tipo_vivienda,INT,,Foranea,c_tipo_vivienda,13.0
conavi_semanal,desarrollador,VARCHAR,255,Interna,,14.0
conavi_semanal,cuv,VARCHAR,18,Interna,,15.0
conavi_semanal,acciones,INT,,Interna,,16.0
conavi_semanal,id_oeo,INT,,Foranea,c_oeo,17.0
conavi_semanal,puntaje,SMALLINT,,Interna,,18.0
conavi_semanal,id_esquema,INT,,Foranea,c_esquema_conavi,19.0
conavi_semanal,id_tipo_ee,INT,,Foranea,c_tipo_ee,20.0
conavi_semanal,anio,YEAR,4,Principal,,21.0
conavi_semanal,mes,INT,,Foranea,c_mes,22.0
conavi_semanal,id_vivienda_sustentable,INT,,Foranea,c_vivienda_sustentable,23.0
conavi_semanal,id_pcu,INT,,Foranea,c_pcu,24.0
cubo_cnbv_bak,id,INT,,Interna,,1.0
cubo_cnbv_bak,anio,SMALLINT,,Interna,,2.0
cubo_cnbv_bak,mes,INT,,Interna,,3.0
cubo_cnbv_bak,clave_estado,CHAR,2,Interna,,4.0
cubo_cnbv_bak,clave_municipio,CHAR,3,Interna,,5.0
cubo_cnbv_bak,id_modalidad,INT,,Interna,,6.0
cubo_cnbv_bak,id_linea_credito,INT,,Interna,,7.0
cubo_cnbv_bak,id_esquema,INT,,Interna,,8.0
cubo_cnbv_bak,clave_intermediarios_financiero,CHAR,6,Interna,,
cubo_cnbv_bak,id_genero,INT,,Interna,,10.0
cubo_cnbv_bak,id_rango_edad,INT,,Interna,,11.0
cubo_cnbv_bak,id_rango_salarial,INT,,Interna,,12.0
cubo_cnbv_bak,id_valor_vivienda,INT,,Interna,,13.0
cubo_cnbv_bak,monto,FLOAT,"12,1",Interna,,14.0
cubo_cnbv_bak,acciones,INT,,Interna,,15.0
cubo_conavi_bak,folio,BIGINT,,Principal,,1.0
cubo_conavi_bak,id_programa_presupuestal,INT,,Interna,,2.0
cubo_conavi_bak,anio,SMALLINT,,Principal,,3.0
cubo_conavi_bak,mes,TINYINT,,Interna,,4.0
cubo_conavi_bak,clave_estado,CHAR,2,Principal,,5.0
cubo_conavi_bak,clave_municipio,CHAR,3,Principal,,6.0
cubo_conavi_bak,id_linea_apoyo,INT,,Interna,,7.0
cubo_conavi_bak,id_modalidad,INT,,Interna,,8.0
cubo_conavi_bak,id_esquema,INT,,Interna,,9.0
cubo_conavi_bak,id_tipo_ee,INT,,Interna,,10.0
cubo_conavi_bak,id_ee,INT,,Interna,,11.0
cubo_conavi_bak,id_oeo,INT,,Interna,,12.0
cubo_conavi_bak,id_genero,INT,,Interna,,13.0
cubo_conavi_bak,id_rango_edad,INT,,Interna,,14.0
cubo_conavi_bak,id_rango_salarial,INT,,Interna,,15.0
cubo_conavi_bak,id_valor_vivienda,INT,,Interna,,16.0
cubo_conavi_bak,id_tipo_vivienda,INT,,Interna,,17.0
cubo_conavi_bak,id_dc,INT,,Interna,,18.0
cubo_conavi_bak,id_vivienda_sustentable,INT,,Interna,,19.0
cubo_conavi_bak,id_pcu,INT,,Interna,,20.0
cubo_conavi_bak,monto,FLOAT,"14,2",Interna,,21.0
cubo_conavi_bak,acciones,INT,,Interna,,22.0
cubo_financiamientos,Id,BIGINT,,Principal,,
cubo_financiamientos,anio,SMALLINT,,Principal,,2.0
cubo_financiamientos,mes,TINYINT,,Principal,,3.0
cubo_financiamientos,clave_estado,CHAR,2,Foranea,,4.0
cubo_financiamientos,clave_municipio,CHAR,3,Foranea,,5.0
cubo_financiamientos,clave_organismo,CHAR,5,Principal,,6.0
cubo_financiamientos,id_grupo_organismo,INT,,Foranea,,7.0
cubo_financiamientos,id_modalidad,INT,,Foranea,,8.0
cubo_financiamientos,Id_tipo_credito,INT,,Foranea,,
cubo_financiamientos,id_destino_credito,INT,,Foranea,,10.0
cubo_financiamientos,id_genero,INT,,Foranea,,11.0
cubo_financiamientos,id_rango_edad,INT,,Foranea,,12.0
cubo_financiamientos,id_rango_salarial,INT,,Foranea,,13.0
cubo_financiamientos,id_valor_vivienda,INT,,Foranea,,14.0
cubo_financiamientos,id_vivienda_sustentable,INT,,Foranea,,15.0
cubo_financiamientos,monto,FLOAT,"18,4",Foranea,,16.0
cubo_financiamientos,acciones,INT,,Foranea,,17.0
cubo_fovissste_bak,folio,BIGINT,,Principal,,1.0
cubo_fovissste_bak,anio,SMALLINT,,Principal,,2.0
cubo_fovissste_bak,mes,TINYINT,,Interna,,3.0
cubo_fovissste_bak,clave_estado,CHAR,2,Interna,,4.0
cubo_fovissste_bak,clave_municipio,CHAR,3,Foranea,,5.0
cubo_fovissste_bak,id_modalidad,INT,,Interna,,6.0
cubo_fovissste_bak,id_esquema,INT,,Interna,,7.0
cubo_fovissste_bak,id_linea_credito,INT,,Interna,,8.0
cubo_fovissste_bak,id_ee,INT,,Interna,,9.0
cubo_fovissste_bak,id_genero,INT,,Interna,,10.0
cubo_fovissste_bak,id_rango_edad,INT,,Interna,,11.0
cubo_fovissste_bak,id_valor_vivienda,INT,,Interna,,13.0
cubo_fovissste_bak,id_vivienda_sustentable,INT,,Interna,,14.0
cubo_fovissste_bak,monto,FLOAT,"14,2",Interna,,15.0
cubo_fovissste_bak,acciones,INT,,Interna,,16.0
cubo_imss,id,INT,,Principal,,1.0
cubo_imss,anio,SMALLINT,,Principal,,2.0
cubo_imss,mes,TINYINT,,Principal,,3.0
cubo_imss,clave_entidad_federativa,CHAR,2,Interna,,4.0
cubo_imss,clave_municipio,CHAR,3,Foranea,,5.0
cubo_imss,id_sector_economico_1,CHAR,3,Interna,,6.0
cubo_imss,id_genero,INT,,Interna,,7.0
cubo_imss,clave_rango_edad,CHAR,3,Foranea,,8.0
cubo_imss,clave_rango_salarial,CHAR,3,Interna,,9.0
cubo_imss,trabajadores,INT,,Interna,,10.0
cubo_imss_rpt,id,INT,,Principal,,1.0
cubo_imss_rpt,anio,SMALLINT,,Principal,,2.0
cubo_imss_rpt,mes,TINYINT,,Principal,,3.0
cubo_imss_rpt,clave_entidad_federativa,CHAR,2,Interna,,4.0
cubo_imss_rpt,id_sector_economico_1,CHAR,3,Interna,,5.0
cubo_imss_rpt,id_genero,INT,,Interna,,6.0
cubo_imss_rpt,id_rango_edad,INT,,Interna,,7.0
cubo_imss_rpt,id_rango_salarial,INT,,Interna,,8.0
cubo_imss_rpt,trabajadores,INT,,Interna,,9.0
cubo_infonavit_bak,Id,INT,,Principal,,
cubo_infonavit_bak,anio,SMALLINT,,Principal,,2.0
cubo_infonavit_bak,mes,TINYINT,,Foranea,,3.0
cubo_infonavit_bak,clave_estado,CHAR,2,Foranea,,4.0
cubo_infonavit_bak,clave_municipio,CHAR,3,Foranea,,5.0
cubo_infonavit_bak,id_modalidad,INT,,Foranea,,6.0
cubo_infonavit_bak,id_esquema,INT,,Foranea,,7.0
cubo_infonavit_bak,id_linea,INT,,Foranea,,8.0
cubo_infonavit_bak,id_vivienda,BIT,1,Foranea,,9.0
cubo_infonavit_bak,id_intermediarion_financiero,INT,,Foranea,,
cubo_infonavit_bak,clave_tipo_credito,CHAR,1,Foranea,,11.0
cubo_infonavit_bak,id_genero,INT,,Foranea,,12.0
cubo_infonavit_bak,id_rango_edad,INT,,Foranea,,13.0
cubo_infonavit_bak,id_rango_salarial,INT,,Foranea,,14.0
cubo_infonavit_bak,clave_estado_civil,CHAR,1,Foranea,,15.0
cubo_infonavit_bak,id_valor_vivienda,INT,,Foranea,,16.0
cubo_infonavit_bak,id_vivienda_sustentable,INT,,Foranea,,17.0
cubo_infonavit_bak,monto,FLOAT,"14,2",Interna,,18.0
cubo_infonavit_bak,acciones,INT,,Foranea,,19.0
cubo_inventario_vivienda,anio,SMALLINT,,Interna,,1.0
cubo_inventario_vivienda,mes,SMALLINT,,Interna,,2.0
cubo_inventario_vivienda,clave_estado,CHAR,2,Interna,,3.0
cubo_inventario_vivienda,clave_municipio,CHAR,3,interna,,4.0
cubo_inventario_vivienda,id_pcu,INT,,Interna,,5.0
cubo_inventario_vivienda,id_avance_obra,INT,,Interna,,6.0
cubo_inventario_vivienda,id_segmento,INT,,Interna,,7.0
cubo_inventario_vivienda,id_segmento_uma,INT,,Interna,,8.0
cubo_inventario_vivienda,id_tipo_vivienda,INT,,Interna,,9.0
cubo_inventario_vivienda,subsidio,CHAR,2,Interna,,10.0
cubo_inventario_vivienda,viviendas,INT,,Interna,,11.0
cubo_issste,id,INT,,Principal,,1.0
cubo_issste,anio,SMALLINT,,Principal,,2.0
cubo_issste,mes,TINYINT,,Principal,,3.0
cubo_issste,clave_entidad_federativa,CHAR,2,Interna,,4.0
cubo_issste,id_nombramiento,INT,,Principal,,5.0
cubo_issste,nombramiento,VARCHAR,200,Interna,,6.0
cubo_issste,id_genero,INT,,Principal,,7.0
cubo_issste,id_rango_salarial,INT,,Principal,,8.0
cubo_issste,id_rango_antiguedad,INT,,Principal,,9.0
cubo_issste,id_sector,INT,,Principal,,10.0
cubo_issste,sector,VARCHAR,200,Interna,,11.0
cubo_issste,trabajadores,INT,,Principal,,12.0
cubo_registro_vivienda_bak,anio,SMALLINT,,Interna,,1.0
cubo_registro_vivienda_bak,mes,TINYINT,,Interna,,2.0
cubo_registro_vivienda_bak,clave_estado,CHAR,2,Interna,,3.0
cubo_registro_vivienda_bak,clave_municipio,CHAR,3,Interna,,4.0
cubo_registro_vivienda_bak,id_pcu,INT,,Interna,,5.0
cubo_registro_vivienda_bak,id_segmento,INT,,Interna,,6.0
cubo_registro_vivienda_bak,id_segmento_uma,INT,,Interna,,7.0
cubo_registro_vivienda_bak,id_tipo_vivienda,INT,,Interna,,8.0
cubo_registro_vivienda_bak,id_superficie,INT,,Interna,,9.0
cubo_registro_vivienda_bak,id_recamara,INT,,Interna,,10.0
cubo_registro_vivienda_bak,viviendas,INT,,Interna,,11.0
cubo_semanal,id,BIGINT,,Principal,,1.0
cubo_semanal,anio,YEAR,4,Interna,,2.0
cubo_semanal,clave_estado,CHAR,2,Interna,,3.0
cubo_semanal,clave_organismo,VARCHAR,,Interna,,4.0
cubo_semanal,id_tipo_modalidad,INT,,Foranea,,5.0
cubo_semanal,id_modalidad,INT,,Foranea,,6.0
cubo_semanal,semana,TINYINT,,Interna,,7.0
cubo_semanal,id_region,INT,,Interna,,8.0
cubo_semanal,monto,FLOAT,"18,4",Interna,,9.0
cubo_semanal,acciones,INT,,Interna,,10.0
cubo_sisevive,anio,SMALLINT,,Interna,,1.0
cubo_sisevive,clave_estado,CHAR,2,Interna,,2.0
cubo_sisevive,clave_municipio,CHAR,3,Interna,,3.0
cubo_sisevive,id_tipologia_ruv,INT,,Interna,,4.0
cubo_sisevive,id_clima,INT,,Interna,,5.0
cubo_sisevive,id_pcu,INT,,Interna,,6.0
cubo_sisevive,idg,CHAR,1,Interna,,7.0
cubo_sisevive,id_programa,INT,,Interna,,8.0
cubo_sisevive,fecha,FECHA,10,Interna,,9.0
cubo_sisevive,id_tipologia_sisevive,INT,,Interna,,10.0
cubo_sisevive,id_grupo_sisevive,INT,,Interna,,11.0
cubo_sisevive,viviendas,INT,,Interna,,12.0
demanda_potencial_5_10,ent,VARCHAR,50,Foranea,,1.0
demanda_potencial_5_10,mun,VARCHAR,100,Interna,,2.0
demanda_potencial_5_10,hasta_2_6_uma,INT,,Interna,,
demanda_potencial_5_10,de_2_61_a_3_0_uma,INT,,Interna,,
demanda_potencial_5_10,de_3_1_a_4_0_uma,INT,,Interna,,
demanda_potencial_5_10,de_4_1_a_5_0_uma,INT,,Interna,,
demanda_potencial_5_10,de_5_1_a_10_0_uma,INT,,Interna,,
demanda_potencial_5_10,total_general,INT,,Interna,,
demanda_potencial_5_10,anio,SMALLINT,,Interna,,9.0
demanda_potencial_5_10,mes,TINYINT,,Interna,,10.0
demanda_potencial_5_10,cve_ent,CHAR,2,Foranea,c_entidad_federativa,11.0
demanda_potencial_5_10,cve_mun,CHAR,3,Foranea,,12.0
demanda_potencial_5_10,id,INT,,Principal,,13.0
demanda_potencial_infonavit,id,INT,,Principal,,1.0
demanda_potencial_infonavit,anio,SMALLINT,,Interna,,2.0
demanda_potencial_infonavit,mes,TINYINT,,Interna,,3.0
demanda_potencial_infonavit,clave_entidad_federativa,CHAR,2,Interna,,4.0
demanda_potencial_infonavit,clave_municipio,CHAR,3,Foranea,,5.0
demanda_potencial_infonavit,id_salario_infonavit,INT,,Foranea,c_salario_infonavit,6.0
demanda_potencial_infonavit,valor,INT,,Interna,,7.0
demanda_potencial_m10,ent,VARCHAR,50,Foranea,,1.0
demanda_potencial_m10,mun,VARCHAR,100,Interna,,2.0
demanda_potencial_m10,hasta_2_6_uma,INT,,Interna,,
demanda_potencial_m10,de_2_61_a_4_0_uma,INT,,Interna,,
demanda_potencial_m10,de_4_1_a_5_0_uma,INT,,Interna,,
demanda_potencial_m10,de_5_1_a_10_0_uma,INT,,Interna,,
demanda_potencial_m10,mayor_a_10_0_uma,INT,,Interna,,
demanda_potencial_m10,total_general,INT,,Interna,,
demanda_potencial_m10,anio,SMALLINT,,Interna,,9.0
demanda_potencial_m10,mes,TINYINT,,Interna,,10.0
demanda_potencial_m10,cve_ent,CHAR,2,Foranea,c_entidad_federativa,11.0
demanda_potencial_m10,cve_mun,CHAR,3,Foranea,,12.0
demanda_potencial_m10,id,INT,,Principal,,13.0
desarrollador_fovissste,folio,BIGINT,,Principal,,1.0
desarrollador_fovissste,anio,SMALLINT,,Principal,,2.0
desarrollador_fovissste,mes,TINYINT,,Foranea,,3.0
desarrollador_fovissste,clave_estado,CHAR,2,Foranea,,4.0
desarrollador_fovissste,clave_municipio,CHAR,3,Foranea,,5.0
desarrollador_fovissste,id_esquema,INT,,Foranea,,6.0
desarrollador_fovissste,desarrollador,VARCHAR,110,Foranea,,7.0
desarrollador_fovissste,acciones,INT,,Foranea,,8.0
desarrollador_fovissste,monto,FLOAT,"14,2",Interna,,9.0
ee_tipo,id_ee,INT,,foranea,c_ee,1.0
ee_tipo,id_tipo_ee,INT,,foranea,c_tipo_ee,2.0
ee_tipo,anio,YEAR,4,interna,,3.0
financiamientos,id,BIGINT,,Principal,,1.0
financiamientos,anio,YEAR,,Principal,,2.0
financiamientos,mes,INT,,Principal,,3.0
financiamientos,clave_entidad_federativa,CHAR,2,Foranea,c_entidad_federativa,4.0
financiamientos,clave_municipio,CHAR,3,Foranea,,5.0
financiamientos,clave_organismo,CHAR,5,Interna,c_organismo,6.0
financiamientos,id_subprograma,INT,,Foranea,c_subprograma,7.0
financiamientos,id_tipo_credito,INT,,Foranea,c_tipo_credito,8.0
financiamientos,id_genero,INT,,Foranea,c_genero,9.0
financiamientos,id_rango_edad,INT,,Foranea,c_rango_edad,10.0
financiamientos,id_rango_salarial,INT,,Foranea,c_rango_salarial,11.0
financiamientos,id_valor_vivienda,INT,,Foranea,c_valor_vivienda,12.0
financiamientos,id_vivienda_sustentable,INT,,Foranea,c_vivienda_sustentable,13.0
financiamientos,monto,FLOAT,"18,4",Interna,,14.0
financiamientos,acciones,INT,,Interna,,15.0
fovissste,folio,BIGINT,,Principal,,1.0
fovissste,fecha_firma,FECHA,,Interna,,2.0
fovissste,genero,ENUM,,Interna,,3.0
fovissste,edad,TINYINT,,Interna,,4.0
fovissste,monto,FLOAT,"14,2",Interna,,5.0
fovissste,ingreso,FLOAT,"10,2",Interna,,6.0
fovissste,valor_vivienda,FLOAT,"11,2",Interna,,7.0
fovissste,id_modalidad,INT,,Foranea,c_modalidad_fovissste,8.0
fovissste,clave_entidad_federativa,CHAR,2,Foranea,,9.0
fovissste,clave_municipio,CHAR,3,Foranea,,10.0
fovissste,id_linea_credito,INT,,Foranea,c_linea_credito_fovissste,11.0
fovissste,id_esquema,INT,,Foranea,c_esquema_fovissste,12.0
fovissste,id_intermediario,INT,,Foranea,c_intermediario_financiero_fovissste,13.0
fovissste,cuv,VARCHAR,18,Interna,,14.0
fovissste,observaciones,VARCHAR,250,Interna,,15.0
fovissste,desarrollador,VARCHAR,255,Interna,,16.0
fovissste,acciones,INT,,Interna,,17.0
fovissste,mes,INT,,Interna,,18.0
fovissste,vivienda_sustentable,INT,,Interna,,19.0
fovissste,anio,YEAR,4,Principal,,20.0
fovissste_00621_fte_his,CUV,VARCHAR,20,Interna,,1.0
fovissste_00621_fte_his,entidad_federativa,VARCHAR,40,Interna,,
fovissste_00621_fte_his,Municipio,VARCHAR,80,Interna,,3.0
fovissste_00621_fte_his,modalidad,VARCHAR,25,Interna,,
fovissste_00621_fte_his,linea_credito,VARCHAR,50,Interna,,
fovissste_00621_fte_his,producto,VARCHAR,25,Interna,,
fovissste_00621_fte_his,subproducto,VARCHAR,35,Interna,,
fovissste_00621_fte_his,intermediario_financiero,VARCHAR,60,Interna,,
fovissste_00621_fte_his,acciones,TINYINT,,Interna,,
fovissste_00621_fte_his,Inversion,FLOAT,"20,4",Interna,,10.0
fovissste_00621_fte_his,valor_vivienda,FLOAT,"20,2",Interna,,
fovissste_00621_fte_his,genero,VARCHAR,15,Interna,,
fovissste_00621_fte_his,Edad,CHAR,3,Interna,,13.0
fovissste_00621_fte_his,Ingreso_VSMMDF,FLOAT,"10,4",Interna,,14.0
fovissste_00621_fte_his,mes_corte,VARCHAR,15,Interna,,
fovissste_00621_fte_his,fecha_de_firma,FECHA,,Interna,,
fovissste_00621_fte_his,observaciones,VARCHAR,45,Interna,,
fovissste_00621_fte_his,desarrollador,VARCHAR,255,Interna,,18.0
fovissste_00621_fte_his,folio,BIGINT,,interna,,19.0
fovissste_00621_fte_his,mes,CHAR,2,Interna,,20.0
fovissste_00621_fte_his,PERIODO_REP,CHAR,6,Principal,,21.0
fovissste_00621_fte_his,contador,TINYINT,,Interna,,22.0
fovissste_00621_fte_his,Id,INT,,Principal,,
grupo_esquema_cnbv,clave_producto_hipotecario,VARCHAR,10,Foranea,c_producto_hipotecario,1.0
grupo_esquema_cnbv,clave_entidad_cofinanciamiento,VARCHAR,10,Foranea,c_entidad_cofinanciamiento,2.0
grupo_esquema_cnbv,id_esquema_cnbv,INT,,Foranea,c_esquema_cnbv,3.0
habitat,id,INT,,Interna,,1.0
habitat,fecha_operacion,FECHA,,Interna,,2.0
habitat,clave_entidad_federativa,CHAR,2,Foranea,c_entidad_federativa,3.0
habitat,clave_municipio,CHAR,3,Foranea,,4.0
habitat,id_linea_credito,INT,,Foranea,c_linea_credito_habitat,5.0
habitat,cuv,VARCHAR,18,Interna,,6.0
habitat,id_intermediario,INT,,Foranea,c_intermediario_financiero_habitat,7.0
habitat,acciones,INT,,Interna,,8.0
habitat,recurso_propio,FLOAT,"9,2",Interna,,9.0
habitat,recurso_federal,FLOAT,"9,2",Interna,,10.0
habitat,recurso_beneficiario,FLOAT,"9,2",Interna,,11.0
habitat,recurso_financiero,FLOAT,"9,2",Interna,,12.0
habitat,genero,ENUM,,Interna,,13.0
habitat,edad,TINYINT,,Interna,,14.0
habitat,ingreso_salarial,FLOAT,"9,5",Interna,,15.0
habitat,valor_vivienda,INT,,Interna,,16.0
habitat,tipo_vivienda,TINYINT,,Interna,,17.0
habitat,anio,YEAR,4,Interna,,18.0
habitat,mes,INT,,Foranea,c_mes,19.0
imss,id,INT,,Principal,,1.0
imss,anio,YEAR,4,Principal,,2.0
imss,mes,INT,,Principal,,3.0
imss,id_delegacion,INT,,Foranea,,4.0
imss,id_subdelegacion,INT,,Interna,,5.0
imss,clave_municipio,CHAR,3,Foranea,,6.0
imss,clave_sector_economico,CHAR,4,Interna,,
imss,clave_registro_patronal,CHAR,2,Interna,c_registro_patronal,8.0
imss,id_genero,INT,,Foranea,c_genero,9.0
imss,clave_rango_edad,CHAR,3,Foranea,c_rango_edad_imss,10.0
imss,clave_rango_vsm,CHAR,3,Foranea,c_rango_salarial_imss,11.0
imss,clave_rango_uma,CHAR,3,Interna,c_rango_uma_imss,12.0
imss,asegurados,INT,,Interna,,13.0
imss,numero_trabajadores,INT,,Interna,,14.0
imss,empleo_asegurado,INT,,Interna,,15.0
imss,empleo_eventual_urbano,INT,,Interna,,16.0
imss,empleo_eventual_campo,INT,,Interna,,17.0
imss,empleo_permanente_urbano,INT,,Interna,,18.0
imss,empleo_permanente_campo,INT,,Interna,,19.0
imss,empleo_asegurado_salario_asociado,INT,,Interna,,20.0
imss,empleo_eventual_urbano_salario_asociado,INT,,Interna,,21.0
imss,empleo_eventual_campo_salario_asociado,INT,,Interna,,22.0
imss,empleo_permanente_urbano_salario_asociado,INT,,Interna,,23.0
imss,empleo_permanente_campo_salario_asociado,INT,,Interna,,24.0
imss,masa_salarial_asociada_empleo_asegurado,FLOAT,"10,2",Interna,,25.0
imss,masa_salarial_asociada_empleo_eventual_urbano,FLOAT,"10,2",Interna,,26.0
imss,masa_salarial_asociada_empleo_eventual_campo,FLOAT,"10,2",Interna,,27.0
imss,masa_salarial_asociada_empleo_permanente_urbano,FLOAT,"10,2",Interna,,28.0
imss,masa_salarial_asociada_empleo_permanente_campo,FLOAT,"10,2",Interna,,29.0
infonavit,id,INT,,Principal,,1.0
infonavit,cuv,VARCHAR,18,Interna,,2.0
infonavit,clave_entidad_captura,CHAR,2,Foranea,,3.0
infonavit,clave_entidad_ejercicio,CHAR,2,Foranea,,4.0
infonavit,clave_entidad_federativa,CHAR,2,Foranea,c_entidad_federativa,5.0
infonavit,clave_municipio,CHAR,3,Foranea,,6.0
infonavit,id_esquema,INT,,Foranea,c_esquema_infonavit,7.0
infonavit,id_intermediario_financiero,INT,,Foranea,c_intermediario_financiero_infonavit,8.0
infonavit,edad,TINYINT,,Interna,,9.0
infonavit,estado_civil,CHAR,1,Foranea,c_estado_civil,10.0
infonavit,tipo_credito,CHAR,1,Foranea,c_tipo_credito_infonavit,11.0
infonavit,id_genero,INT,,Foranea,c_genero,12.0
infonavit,id_segundo_credito,TINYINT,,Interna,,13.0
infonavit,id_linea,INT,,Foranea,c_linea_infonavit,14.0
infonavit,precio_venta,FLOAT,"11,2",Interna,,15.0
infonavit,salario_integrado,FLOAT,"9,2",Interna,,16.0
infonavit,vivienda_nueva,BIT,1,Interna,,17.0
infonavit,id_linea_credito,INT,,Foranea,c_linea_credito_infonavit_bak,18.0
infonavit,inversion_infonavit,FLOAT,"10,2",Interna,,19.0
infonavit,inversion_entidad_financiera,FLOAT,"12,2",Interna,,20.0
infonavit,derrama_infonavit,FLOAT,"20,10",Interna,,21.0
infonavit,fecha_pago,DATE,,Interna,,22.0
infonavit,sustentabilidad,BIT,1,Interna,,23.0
infonavit,anio,YEAR,4,Principal,,24.0
infonavit,mes,INT,,Interna,,25.0
infonavit_00635_fte_his,anio,YEAR,4,Interna,,
infonavit_00635_fte_his,mes,VARCHAR,15,Interna,,
infonavit_00635_fte_his,CT_CREDITO_AUTORIZADO_VSM,FLOAT,"10,3",Interna,,
infonavit_00635_fte_his,CT_EDAD,CHAR,2,Interna,,
infonavit_00635_fte_his,CV_CUV,VARCHAR,20,Interna,,
infonavit_00635_fte_his,CV_ENTIDAD_CAPTURA,CHAR,2,Interna,,
infonavit_00635_fte_his,CV_ENTIDAD_FEDERATIVA_EJERCICIO,CHAR,2,Interna,,
infonavit_00635_fte_his,CV_ENTIDAD_VIVIENDA,CHAR,2,Interna,,
infonavit_00635_fte_his,CV_MUNICIPIO_VIVIENDA,CHAR,3,Interna,,
infonavit_00635_fte_his,CV_ESTADO_CIVIL,CHAR,3,Interna,,
infonavit_00635_fte_his,CV_TIPO_CREDITO,CHAR,1,Interna,,
infonavit_00635_fte_his,CV_TIPO_MONEDA,CHAR,1,Interna,,
infonavit_00635_fte_his,FH_ENVIO_PAGO,FECHA,10,Interna,,
infonavit_00635_fte_his,NU_BIMESTRES_COTIZACION,CHAR,2,Interna,,
infonavit_00635_fte_his,ID_GENERO,CHAR,1,Interna,,
infonavit_00635_fte_his,ID_SEGUNDO_CREDITO,CHAR,1,Interna,,
infonavit_00635_fte_his,ID_TIPO_LINEA_CREDITO,CHAR,1,Interna,,
infonavit_00635_fte_his,IM_CAPACIDAD_COMPRA_VSM,FLOAT,"20,4",Interna,,
infonavit_00635_fte_his,IM_COFINANCIAMIENTO_PESOS,FLOAT,"20,4",Interna,,
infonavit_00635_fte_his,IM_PRECIO_VENTA,FLOAT,"20,4",Interna,,
infonavit_00635_fte_his,IM_SALARIO_INTEGRADO,FLOAT,"20,4",Interna,,
infonavit_00635_fte_his,IM_SALDO_SUBCUENTA,FLOAT,"20,4",Interna,,
infonavit_00635_fte_his,IN_VIVIENDA_NUEVA,FLOAT,"20,4",Interna,,
infonavit_00635_fte_his,PC_TASA_INTERES,FLOAT,"10,4",Interna,,
infonavit_00635_fte_his,IN_SUSTENTABILIDAD,BIT,1,Interna,,
infonavit_00635_fte_his,programa,CHAR,2,Interna,,
infonavit_00635_fte_his,programa_TXT,VARCHAR,35,Interna,,
infonavit_00635_fte_his,sub_programa,CHAR,2,Interna,,
infonavit_00635_fte_his,sub_programa_TXT,VARCHAR,35,Interna,,
infonavit_00635_fte_his,entidad_financiera,VARCHAR,100,Interna,,
infonavit_00635_fte_his,producto,VARCHAR,35,Interna,,
infonavit_00635_fte_his,sub_producto,VARCHAR,35,Interna,,
infonavit_00635_fte_his,Inversion_Infonavit,DECIMAL,20.11,Interna,,
infonavit_00635_fte_his,estimacion_inversion_entidad_financiera,DECIMAL,20.11,Interna,,
infonavit_00635_fte_his,Derrama_Infonavit,DECIMAL,20.11,Interna,,
infonavit_00635_fte_his,Inversion_Total,DECIMAL,20.11,Interna,,
infonavit_00635_fte_his,PERIODO_REP,CHAR,6,Principal,,
infonavit_00635_fte_his,ID,INT,,Principal,,
inventario_estatal,anio,SMALLINT,,Interna,,1.0
inventario_estatal,trimestre,TINYINT,,Interna,,2.0
inventario_estatal,clave_entidad_federativa,CHAR,2,Foranea,c_entidad_federativa,3.0
inventario_estatal,registro,INT,,Interna,,4.0
inventario_estatal,construccion,INT,,Interna,,5.0
inventario_estatal,venta,INT,,Interna,,6.0
inventario_estatal,total,INT,,Interna,,7.0
inventario_estatal,numero_vivienda,INT,,Interna,,8.0
inventario_municipal,anio,SMALLINT,,Interna,,1.0
inventario_municipal,trimestre,TINYINT,,Interna,,2.0
inventario_municipal,clave_entidad_federativa,CHAR,2,Foranea,,3.0
inventario_municipal,clave_municipio,CHAR,3,Foranea,,4.0
inventario_municipal,registro,INT,,Interna,,5.0
inventario_municipal,construccion,INT,,Interna,,6.0
inventario_municipal,venta,INT,,Interna,,7.0
inventario_municipal,total,INT,,Interna,,8.0
inventario_municipal,numero_vivienda,INT,,Interna,,9.0
inventario_vivienda,anio,INT,,Interna,,1.0
inventario_vivienda,mes,INT,,Interna,,2.0
inventario_vivienda,cve_ent,CHAR,2,Interna,,3.0
inventario_vivienda,cve_mun,CHAR,3,Interna,,4.0
inventario_vivienda,cv_gpo_conavi,INT,,Interna,,5.0
inventario_vivienda,cv_oferente,VARCHAR,8,Interna,,6.0
inventario_vivienda,cv_oferta,VARCHAR,8,Interna,,7.0
inventario_vivienda,tipo_viv,INT,,Interna,,8.0
inventario_vivienda,cv_tipo_vivienda,VARCHAR,45,Interna,,9.0
inventario_vivienda,pcu,CHAR,2,Interna,,10.0
inventario_vivienda,nodo,VARCHAR,45,Interna,,11.0
inventario_vivienda,segmento,VARCHAR,20,Interna,,12.0
inventario_vivienda,segmento_uma,VARCHAR,40,Interna,,13.0
inventario_vivienda,subsidio,CHAR,2,Interna,,14.0
inventario_vivienda,Inventario_real,INT,,Interna,,
inventario_vivienda,superficie,VARCHAR,20,Interna,,16.0
inventario_vivienda,viviendas,INT,,Interna,,17.0
issste,id,BIGINT,,Interna,,
issste,anio,YEAR,4,Interna,,
issste,mes,INT,,Interna,,
issste,clave_entidad_federativa,CHAR,2,Interna,,
issste,paterno,VARCHAR,35,Interna,,
issste,materno,VARCHAR,35,Interna,,
issste,nombre,VARCHAR,50,Interna,,
issste,tno,TINYINT,,Interna,,
issste,id_nombramiento,INT,,Foranea,,
issste,id_genero,INT,,Foranea,,
issste,sueldo,FLOAT,"10,2",Interna,,
issste,mult_sdo,TINYINT,,Interna,,
issste,fecha_alta,FECHA,10,Interna,,
issste,fecha_ingreso,FECHA,10,Interna,,
issste,antiguedad,TINYINT,,Interna,,
issste,id_ramo,INT,,Foranea,,
issste,id_modalidad,INT,,Foranea,,
issste,id_sector,INT,,Foranea,,
linea_credito_esquema_cnbv,id_linea_credito_cnbv,INT,,Foranea,c_linea_credito_cnbv,1.0
linea_credito_esquema_cnbv,id_esquema_cnbv,INT,,Foranea,c_esquema_cnbv,2.0
linea_credito_esquema_cnbv,id_tipo_credito,INT,,Foranea,c_tipo_credito,3.0
linea_credito_esquema_infonavit,id,INT,,Principal,,1.0
linea_credito_esquema_infonavit,id_esquema_Infonavit,INT,,Foranea,,
linea_credito_esquema_infonavit,id_linea_credito_Infonavit,INT,,Foranea,,
linea_credito_esquema_infonavit,id_tipo_credito,INT,,Foranea,c_tipo_credito,4.0
linea_credito_esquema_infonavit,id,INT,,principal,,1.0
linea_credito_esquema_infonavit,Id_esquema_Infonavit,INT,,foranea,,
linea_credito_esquema_infonavit,Id_linea_credito_Infonavit,INT,,foranea,,
linea_credito_esquema_infonavit,id_tipo_credito,INT,,foranea,c_tipo_credito,4.0
linea_subsidio_tipo_ee,id,INT,,Principal,,1.0
linea_subsidio_tipo_ee,id_linea_subsidio,INT,,Foranea,c_linea_subsidio_conavi,2.0
linea_subsidio_tipo_ee,id_tipo_ee,INT,,Foranea,c_tipo_ee,3.0
linea_subsidio_tipo_ee,id_tipo_credito,INT,,Foranea,c_tipo_credito,4.0
mapa_oferta,anio,INT,,Interna,,1.0
mapa_oferta,mes,INT,,Interna,,2.0
mapa_oferta,cve_ent,CHAR,2,Interna,,3.0
mapa_oferta,cve_mun,CHAR,3,Interna,,4.0
mapa_oferta,mun,VARCHAR,100,Interna,,5.0
mapa_oferta,cv_oferta,VARCHAR,8,Interna,,6.0
mapa_oferta,nom_oferta,VARCHAR,255,Interna,,7.0
mapa_oferta,cv_oferente,VARCHAR,8,Interna,,8.0
mapa_oferta,tx_oferente,VARCHAR,255,Interna,,9.0
mapa_oferta,cv_gpo_conavi,INT,,Interna,,10.0
mapa_oferta,gpo_conavi,VARCHAR,255,Interna,,11.0
mapa_oferta,latitud_of,FLOAT,"12,8",Interna,,12.0
mapa_oferta,longitud_of,FLOAT,"12,8",Interna,,13.0
mapa_oferta,avg_precio,FLOAT,"10,0",Interna,,14.0
mapa_oferta,max_precio,FLOAT,"10,0",Interna,,15.0
mapa_oferta,min_precio,FLOAT,"10,0",Interna,,16.0
mapa_oferta,desv_precio,FLOAT,"10,0",Interna,,17.0
mapa_oferta,num_viv,INT,,Interna,,18.0
mapa_oferta,subsidio_si,INT,,Interna,,19.0
mapa_oferta,subsidio_no,INT,,Interna,,20.0
mapa_oferta,u1,INT,,Interna,,21.0
mapa_oferta,u2,INT,,Interna,,22.0
mapa_oferta,u3,INT,,Interna,,23.0
mapa_oferta,fuera_contorno,INT,,Interna,,24.0
mapa_oferta,nd,INT,,Interna,,25.0
mapa_oferta,avance_1_19,INT,,Interna,,27.0
mapa_oferta,avance_20_39,INT,,Interna,,28.0
mapa_oferta,avance_40_59,INT,,Interna,,29.0
mapa_oferta,avance_60_79,INT,,Interna,,30.0
mapa_oferta,avance_80_99,INT,,Interna,,31.0
mapa_oferta,sin_hab,INT,,Interna,,32.0
mapa_oferta,hab_men_5,INT,,Interna,,33.0
mapa_oferta,hab_may_5,INT,,Interna,,34.0
mapa_oferta,sin_rep,INT,,Interna,,35.0
mapa_oferta,srep_a_0_39,INT,,Interna,,36.0
mapa_oferta,a_40_99,INT,,Interna,,37.0
mapa_oferta,shab_hab5,INT,,Interna,,38.0
mapa_oferta,viv_proc_av<=50,INT,,Interna,,39.0
mapa_oferta,viv_proc_50_99,INT,,Interna,,40.0
mapa_oferta,viv_term_rec,INT,,Interna,,41.0
mapa_oferta,viv_term_ant,INT,,Interna,,42.0
programas_conavi,id,INT,,Principal,,1.0
programas_conavi,folio,VARCHAR,16,Interna,,2.0
programas_conavi,fecha_aprobacion_comite_financiamiento,FECHA,,Foranea,,3.0
programas_conavi,numero_comite_financiamiento,VARCHAR,35,Foranea,,4.0
programas_conavi,id_programa_presupuestal,INT,,Interna,c_programa_presupuestal,5.0
programas_conavi,partida_presupuestal,CHAR,5,Interna,,6.0
programas_conavi,unidad_medida,VARCHAR,25,Interna,,7.0
programas_conavi,id_modalidad,INT,,Foranea,c_modalidad_presidencia,8.0
programas_conavi,id_linea_apoyo,INT,,Interna,c_linea_apoyo_presidencia,9.0
programas_conavi,id_vertiente,INT,,Interna,,10.0
programas_conavi,folio_conavi,VARCHAR,28,Interna,,11.0
programas_conavi,curp,VARCHAR,20,Interna,,12.0
programas_conavi,clave_entidad_federativa,CHAR,2,Interna,c_entidad_federativa,13.0
programas_conavi,clave_municipio,CHAR,3,Foranea,,14.0
programas_conavi,clave_localidad,CHAR,4,Foranea,,15.0
programas_conavi,edad,TINYINT,,Interna,,16.0
programas_conavi,id_genero,INT,,Interna,c_genero,17.0
programas_conavi,ingreso_beneficiario,FLOAT,"14,2",Interna,,18.0
programas_conavi,ingreso_beneficiario_UMA,FLOAT,"19,16",Interna,,
programas_conavi,beneficiario_comprometidos,INT,,Interna,,20.0
programas_conavi,dato_presupuestal_importe_aprobado,FLOAT,"14,2",Interna,,21.0
programas_conavi,dato_presupuestal_importe_ejercido,FLOAT,"14,2",Interna,,
programas_conavi,fecha_dispersion_presuesto,FECHA,,Interna,,
programas_conavi,colonia,VARCHAR,90,Interna,,24.0
programas_conavi,cve_asistente_oeo,VARCHAR,14,Interna,,25.0
programas_conavi,cve_supervisor,VARCHAR,14,Interna,,26.0
programas_conavi,cuv,VARCHAR,18,Interna,,27.0
programas_conavi,longitud,FLOAT,"29,15",Interna,,28.0
programas_conavi,latitud,FLOAT,"29,15",Interna,,29.0
programas_conavi,avance_obra,SMALLINT,,Interna,,30.0
programas_conavi,condicion_indigena,ENUM,,Interna,,31.0
programas_conavi,discapacidad,ENUM,"(""SI"",""NO"")",Interna,,32.0
programas_conavi,id_derechohabiente,SMALLINT,,Interna,c_derechohabiente_presidencia,33.0
programas_conavi,folio_sap,VARCHAR,,Interna,,34.0
programas_conavi,fecha_sap,DATE,,Interna,,35.0
programas_conavi,periodo_rep,SMALLINT,,Interna,,36.0
programas_conavi,status,BIT,,Interna,,37.0
programas_conavi,id_status,SMALLINT,,Interna,c_estatus_programas_conavi,38.0
programas_conavi,status_pago,ENUM,,Interna,,39.0
quintil_fovissste,consecutivo,INT,,Principal,,1.0
quintil_fovissste,anio,SMALLINT,,Principal,,2.0
quintil_fovissste,clave_estado,CHAR,2,Foranea,,3.0
quintil_fovissste,id_rango_edad,INT,,Foranea,,4.0
quintil_fovissste,id_genero,INT,,Foranea,,5.0
quintil_fovissste,acciones,INT,,Foranea,,6.0
quintil_fovissste,quintil,CHAR,2,Foranea,,7.0
quintil_infonavit,consecutivo,INT,,Principal,,1.0
quintil_infonavit,anio,SMALLINT,,Principal,,2.0
quintil_infonavit,clave_estado,CHAR,2,Foranea,,3.0
quintil_infonavit,id_rango_edad,INT,,Foranea,,4.0
quintil_infonavit,id_genero,INT,,Foranea,,5.0
quintil_infonavit,acciones,INT,,Foranea,,6.0
quintil_infonavit,quintil,CHAR,2,Foranea,,7.0
registro_vivienda,anio,SMALLINT,,Interna,,1.0
registro_vivienda,mes,TINYINT,,Interna,,2.0
registro_vivienda,cve_ent,CHAR,2,Interna,,3.0
registro_vivienda,cve_mun,CHAR,3,Interna,,4.0
registro_vivienda,cv_oferente,VARCHAR,8,Interna,,5.0
registro_vivienda,pcu,CHAR,2,Interna,,6.0
registro_vivienda,segmento_conavi,VARCHAR,20,Interna,,7.0
registro_vivienda,segmento_uma,VARCHAR,45,Interna,,8.0
registro_vivienda,tipo_viv,VARCHAR,20,Interna,,9.0
registro_vivienda,cv_tipo_vivienda,CHAR,4,Interna,,10.0
registro_vivienda,superficies,VARCHAR,45,Interna,,11.0
registro_vivienda,recamara,VARCHAR,45,Interna,,12.0
registro_vivienda,viviendas,INT,,Interna,,13.0
renaret,id,INT,,Interna,,1.0
renaret,duis,TINYINT,,Interna,,2.0
renaret,cve_ruv,VARCHAR,15,Interna,,3.0
renaret,municipio,VARCHAR,60,Interna,,4.0
renaret,estado,VARCHAR,50,Interna,,5.0
renaret,cd_sun,VARCHAR,60,Interna,,6.0
renaret,sup_ha,FLOAT,"10,4",Interna,,7.0
renaret,grado_desar_declarado,CHAR,3,Interna,,8.0
renaret,grado_desar_verificado,VARCHAR,150,Interna,,9.0
renaret,calif,CHAR,2,Interna,,10.0
renaret,calif_pcu,CHAR,4,Interna,,11.0
renaret,calif_mesa,VARCHAR,200,Interna,,12.0
renaret,empl_total,MEDIUMINT,,Interna,,13.0
renaret,empl_no_urb,MEDIUMINT,,Interna,,14.0
renaret,empl_urb,MEDIUMINT,,Interna,,15.0
renaret,viv_total,MEDIUMINT,,Interna,,16.0
renaret,viv_ur,MEDIUMINT,,Interna,,17.0
renaret,viv_no_urb,MEDIUMINT,,Interna,,18.0
renaret,r_desliz,VARCHAR,8,Interna,,19.0
renaret,r_inunda,VARCHAR,8,Interna,,20.0
renaret,r_sismo,VARCHAR,8,Interna,,21.0
renaret,atlas_riesg,VARCHAR,70,Interna,,22.0
renaret,pcu_rt,CHAR,2,Interna,,23.0
renaret,fc,CHAR,1,Interna,,24.0
renaret,cve_edo_mun,CHAR,5,Interna,,25.0
renaret,cve_edo,CHAR,2,Interna,,26.0
renaret,cve_mun,CHAR,3,Interna,,27.0
renaret,anio,SMALLINT,,Interna,,28.0
renaret,mes,TINYINT,,Interna,,29.0
renaret,folio,INT,,Interna,,30.0
reporte_presidencia,id,INT,,Principal,,1.0
reporte_presidencia,fecha_aprobacion_comite_financiamiento,FECHA,,Foranea,,2.0
reporte_presidencia,numero_comite_financiamiento,VARCHAR,35,Foranea,,3.0
reporte_presidencia,id_programa_presupuestal,INT,,Interna,c_programa_presupuestal,4.0
reporte_presidencia,partida_presupuestal,CHAR,5,Interna,,5.0
reporte_presidencia,unidad_medida,VARCHAR,25,Interna,,6.0
reporte_presidencia,id_modalidad,INT,,Foranea,c_modalidad_presidencia,7.0
reporte_presidencia,id_linea_apoyo,INT,,Interna,c_linea_apoyo_presidencia,8.0
reporte_presidencia,id_vertiente,INT,,Interna,,9.0
reporte_presidencia,clave_entidad_federativa,CHAR,2,Interna,c_entidad_federativa,10.0
reporte_presidencia,clave_municipio,CHAR,3,Foranea,,11.0
reporte_presidencia,clave_localidad,CHAR,4,Foranea,,12.0
reporte_presidencia,edad,TINYINT,,Interna,,13.0
reporte_presidencia,id_rango_edad,INT,,Interna,,14.0
reporte_presidencia,id_genero,INT,,Interna,c_genero,15.0
reporte_presidencia,beneficiario_meta,INT,,Interna,,16.0
reporte_presidencia,beneficiario_comprometidos,INT,,Interna,,17.0
reporte_presidencia,dato_presupuestal_importe_aprobado,FLOAT,"14,2",Interna,,18.0
reporte_presidencia,colonia,VARCHAR,90,Interna,,19.0
reporte_presidencia,condicion_indigena,ENUM,,Interna,,20.0
reporte_presidencia,id_derechohabiente,SMALLINT,,Interna,c_derechohabiente_presidencia,21.0
reporte_presidencia,anio,SMALLINT,,Interna,,22.0
reporte_presidencia,status,BIT,1,Interna,,23.0
reporte_presidencia,id_status,SMALLINT,,Interna,,24.0
reporte_presidencia,dato_prespuestal_importe_modificado,FLOAT,"14,2",Interna,,
reporte_presidencia,dato_prespuestal_importe_compromiso,FLOAT,"14,2",Interna,,
reporte_presidencia,dato_prespuestal_importe_programado,FLOAT,"14,2",Interna,,
reporte_presidencia,dato_prespuestal_importe_ejercido,FLOAT,"14,2",Interna,,
reporte_presidencia,forma_pago_directo,FLOAT,"14,2",Interna,,29.0
reporte_presidencia,forma_pago_dispersion,FLOAT,"14,2",Interna,,30.0
shf,id,INT,,Principal,,1.0
shf,anio,YEAR,4,Principal,,2.0
shf,mes,INT,,Principal,,3.0
shf,cuv,VARCHAR,18,Principal,,4.0
shf,id_microcredito,VARCHAR,30,Principal,,5.0
shf,id_producto_presentar_ef,INT,,Foranea,c_producto_presentar_ef_shf,6.0
shf,id_tipo_institucion,INT,,Foranea,c_tipo_institucion_shf,7.0
shf,valor_vivienda,FLOAT,"10,2",Principal,,8.0
shf,id_tipo_vivienda,INT,,Foranea,c_tipo_vivienda_fonhapo,9.0
shf,monto_microcredito_if,FLOAT,"10,2",Principal,,
shf,ingresos_acreditado,FLOAT,"10,2",Principal,,11.0
shf,id_genero,INT,,Foranea,c_genero,12.0
shf,edad,TINYINT,,Principal,,13.0
shf,ingresos_coadreditado,FLOAT,"10,2",Principal,,
shf,genero_coacreditado,INT,,Interna,,15.0
shf,edad_coacreditado,TINYINT,,Principal,,16.0
shf,clave_entidad_federativa,CHAR,2,Principal,c_entidad_federativa,17.0
shf,clave_municipio,CHAR,3,Foranea,,18.0
shf,id_tipo_ingreso,INT,,Foranea,c_tipo_ingreso_shf,19.0
shf,subsidio,FLOAT,"10,2",Principal,,20.0
shf,monto_mensual,FLOAT,"10,2",Principal,,21.0
shf,plazo_credito,SMALLINT,,Principal,,22.0
shf,acciones,INT,,Principal,,23.0
shf,monto,FLOAT,"14,2",Principal,,24.0
sisevive,cuv,VARCHAR,18,Interna,,1.0
sisevive,clave_entidad_federativa,CHAR,2,Interna,c_entidad_federativa,2.0
sisevive,clave_municipio,CHAR,3,Foranea,,3.0
sisevive,id_estatus_vivienda,INT,,Interna,c_estatus_vivienda,4.0
sisevive,id_prototipo,INT,,Interna,,5.0
sisevive,id_tipologia_ruv,INT,,Interna,c_tipologia_ruv,6.0
sisevive,id_clima,INT,,Interna,c_clima,7.0
sisevive,id_pcu,INT,,Interna,c_pcu,8.0
sisevive,idg,CHAR,1,Interna,,9.0
sisevive,co2,FLOAT,"10,4",Interna,,10.0
sisevive,id_programas,INT,,Interna,,
sisevive,fecha,FECHA,10,Interna,,12.0
sisevive,id_grupo_sisevive,INT,,Interna,c_grupo_sisevive,13.0
sisevive,latitud_vivienda,FLOAT,"12,8",Interna,,14.0
sisevive,longitud_vivienda,FLOAT,"12,8",Interna,,15.0
sisevive,latitud_oferta,FLOAT,"12,8",Interna,,16.0
sisevive,longitud_oferta,FLOAT,"12,8",Interna,,17.0
sisevive,id_tipologia_sisevive,INT,,Interna,c_tipologia_sisevive,18.0
sisevive,id_region_hidrica,INT,,Interna,c_region_hidrica,19.0
sisevive,demanda_especifica,INT,,Interna,,20.0
sisevive,demanda_energia,INT,,Interna,,21.0
sisevive,emisiones_co2,INT,,Interna,,22.0
sisevive,ahorro_energia,INT,,Interna,,23.0
sisevive,norma_020,INT,,Interna,,24.0
sisevive,cv_idg,INT,,Interna,,25.0
sisevive,cv_estatus_idg,INT,,Interna,,26.0
sisevive,cpa,FLOAT,"5,1",Interna,,27.0
sisevive,fecha_documento,FECHA,10,Interna,,28.0
sisevive,clave_oferta,INT,,Interna,,29.0
sisevive,id_vivienda,INT,,Interna,,30.0
sisevive,clave_oferente,INT,,Interna,,31.0
sisevive,clave_ov,BIGINT,,Interna,,32.0
sisevive,clave_verificador,INT,,Interna,,33.0
sisevive,fecha_inicio_ov,FECHA,10,Interna,,34.0
sisevive,fecha_fin_ov,FECHA,10,Interna,,35.0
sisevive,avance,TINYINT,,Interna,,36.0
sisevive,tipo_vivienda,CHAR,3,Interna,,37.0
sisevive,superficie_habitable,FLOAT,"6,3",Interna,,38.0
sisevive,precio_vivienda,FLOAT,"12,3",Interna,,39.0
sisevive_ruv,cuv,VARCHAR,18,Interna,,1.0
sisevive_ruv,id_programa,INT,,Interna,,2.0
sisevive_ruv,id_tipologia_ruv,INT,,Interna,,3.0
sisevive_ruv,idg,CHAR,1,Interna,,4.0
sisevive_ruv,co2,FLOAT,"10,4",Interna,,5.0
sisevive_ruv,cv_oferta,INT,,Interna,,6.0
sisevive_ruv,latitud,FLOAT,"12,8",Interna,,7.0
sisevive_ruv,longitud,FLOAT,"12,8",Interna,,8.0
sisevive_ruv,lalitud_oferta,FLOAT,"12,8",Interna,,
sisevive_ruv,longitud_oferta,FLOAT,"12,8",Interna,,10.0
sisevive_ruv,fecha_ind,FECHA,10,Interna,,11.0
sisevive_ruv,inst_ind,VARCHAR,45,Interna,,12.0
subprograma_fovissste,id,INT,,Principal,,1.0
subprograma_fovissste,id_esquema,INT,,foranea,c_esquema_fovissste,2.0
subprograma_fovissste,id_linea_credito,INT,,foranea,c_linea_credito_fovissste,3.0
subprograma_fovissste,id_modalidad,INT,,Foranea,c_modalidad_fovissste,4.0
subprograma_fovissste,id_subprograma,INT,,foranea,c_subprograma,5.0
subprograma_fovissste,id_tipo_credito,INT,,foranea,c_tipo_credito,6.0
